人机交互与普适计算	CSCW	ACM Conference on Computer Supported Cooperative Work and Social Computing	Conference	A	ACM	http://dblp.uni-trier.de/db/conf/cscw
人机交互与普适计算	CHI	ACM Conference on Human Factors in Computing Systems	Conference	A	ACM	http://dblp.uni-trier.de/db/conf/chi
人机交互与普适计算	UbiComp	ACM international joint conference on Pervasive and Ubiquitous Computing	Conference	A	ACM	http://dblp.uni-trier.de/db/conf/huc/
计算机体系结构/并行与分布计算/存储系统	PPoPP	ACM SIGPLAN Symposium on Principles & Practice of Parallel Programming	Conference	A	ACM	http://dblp.uni-trier.de/db/conf/ppopp/
网络与信息安全	CCS	ACM Conference on Computer and Communications Security	Conference	A	ACM	http://dblp.uni-trier.de/db/conf/ccs/
人机交互与普适计算	UIST	ACM Symposium on User Interface Software and Technology	Conference	A	ACM	http://dblp.uni-trier.de/db/conf/uist/
人机交互与普适计算	GROUP	ACM International Conference on Supporting Group Work	Conference	B	ACM	http://dblp.uni-trier.de/db/conf/group/
计算机体系结构/并行与分布计算/存储系统	FAST	USENIX Conference on File and Storage Technologies	Conference	A	USENIX	http://dblp.uni-trier.de/db/conf/fast/
计算机体系结构/并行与分布计算/存储系统	DAC	Design Automation Conference	Conference	A	ACM	https://dblp.uni-trier.de/db/conf/dac/
计算机体系结构/并行与分布计算/存储系统	HPCA	IEEE International Symposium on High Performance Computer Architecture	Conference	A	IEEE	http://dblp.uni-trier.de/db/conf/cnhpca/
计算机网络	SIGCOMM	ACM International Conference on Applications, Technologies, Architectures, and Protocols for Computer Communication	Conference	A	ACM	http://dblp.uni-trier.de/db/conf/sigcomm/index.html
计算机网络	MobiCom	ACM International Conference on Mobile Computing and Networking	Conference	A	ACM	http://dblp.uni-trier.de/db/conf/mobicom/
网络与信息安全	EUROCRYPT	International Conference on the Theory and Applications of Cryptographic Techniques	Conference	A	Springer	http://dblp.uni-trier.de/db/conf/eurocrypt/
网络与信息安全	S&P	IEEE Symposium on Security and Privacy	Conference	A	IEEE	http://dblp.uni-trier.de/db/conf/sp/
人机交互与普适计算	IUI	ACM International Conference on Intelligent User Interfaces	Conference	B	ACM	http://dblp.uni-trier.de/db/conf/iui/
人机交互与普适计算	ITS	ACM International Conference on Interactive Tabletops and Surfaces	Conference	B	ACM	http://dblp.uni-trier.de/db/conf/tabletop/
人机交互与普适计算	ECSCW	European Conference on Computer Supported Cooperative Work	Conference	B	Springer	http://dblp.uni-trier.de/db/conf/ecscw/
计算机体系结构/并行与分布计算/存储系统	MICRO	IEEE/ACM International Symposium on Microarchitecture	Conference	A	IEEE/ACM	http://dblp.uni-trier.de/db/conf/micro/
计算机体系结构/并行与分布计算/存储系统	SC	International Conference for High Performance Computing, Networking, Storage, and Analysis	Conference	A	IEEE	http://dblp.uni-trier.de/db/conf/sc/
计算机网络	INFOCOM	IEEE International Conference on Computer Communications	Conference	A	IEEE	http://dblp.uni-trier.de/db/conf/infocom/
计算机网络	NSDI	Symposium on Network System Design and Implementation	Conference	A	USENIX	http://dblp.uni-trier.de/db/conf/nsdi/
网络与信息安全	CRYPTO	International Cryptology Conference	Conference	A	Springer	http://dblp.uni-trier.de/db/conf/crypto/
人机交互与普适计算	PERCOM	IEEE International Conference on Pervasive Computing and Communications	Conference	B	IEEE	http://dblp.uni-trier.de/db/conf/percom/
计算机体系结构/并行与分布计算/存储系统	ASPLOS	International Conference on Architectural Support for Programming Languages and Operating Systems	Conference	A	ACM	http://dblp.uni-trier.de/db/conf/asplos/
计算机网络	SenSys	ACM Conference on Embedded Networked Sensor Systems	Conference	B	ACM	http://dblp.uni-trier.de/db/conf/sensys/
软件工程/系统软件/程序设计语言	PLDI	ACM SIGPLAN Conference on Programming Language Design and   Implementation	Conference	A	ACM	http://dblp.uni-trier.de/db/conf/pldi/
网络与信息安全	USENIX Security	USENIX Security Symposium	Conference	A	USENIX Association	http://dblp.uni-trier.de/db/conf/uss/
网络与信息安全	NDSS	Network and Distributed System Security Symposium	Conference	A	ISOC	http://dblp.uni-trier.de/db/conf/ndss/
人机交互与普适计算	MobileHCI	ACM International Conference on Mobile Human-Computer Interaction	Conference	B	ACM	http://dblp.uni-trier.de/db/conf/mhci/
人机交互与普适计算	ICWSM	The International AAAI Conference on Web and Social Media	Conference	B	AAAI	https://dblp.org/db/conf/icwsm/index.html
人机交互与普适计算	DIS	ACM SIGCHI Conference on Designing Interactive Systems	Conference	C	ACM	http://dblp.uni-trier.de/db/conf/ACMdis/
计算机体系结构/并行与分布计算/存储系统	ISCA	International Symposium on Computer Architecture	Conference	A	ACM /IEEE	http://dblp.uni-trier.de/db/conf/isca/
计算机体系结构/并行与分布计算/存储系统	USENIX ATC	USENIX Annual Technical Conference	Conference	A	USENIX	http://dblp.uni-trier.de/db/conf/usenix/index.html
计算机体系结构/并行与分布计算/存储系统	EuroSys	European Conference on Computer Systems	Conference	A	ACM	http://dblp.uni-trier.de/db/conf/eurosys/
交叉/综合/新兴	WWW	International World Wide Web Conference	Conference	A	ACM	http://dblp.uni-trier.de/db/conf/www/
计算机科学理论	STOC	ACM Symposium on Theory of Computing	Conference	A	ACM	http://dblp.uni-trier.de/db/conf/stoc/
计算机科学理论	SODA	ACM-SIAM Symposium on Discrete Algorithms	Conference	A	SIAM	http://dblp.uni-trier.de/db/conf/soda/
计算机网络	CoNEXT	ACM International Conference on emerging Networking EXperiments and Technologies	Conference	B	ACM	http://dblp.uni-trier.de/db/conf/conext/
计算机网络	SECON	IEEE International Conference on Sensing, Communication, and Networking	Conference	B	IEEE	http://dblp.uni-trier.de/db/conf/secon/
计算机网络	IPSN	International Conference on Information Processing in Sensor Networks	Conference	B	IEEE/ACM	http://dblp.uni-trier.de/db/conf/ipsn/
软件工程/系统软件/程序设计语言	POPL	ACM SIGPLAN-SIGACT Symposium on Principles of Programming Languages	Conference	A	ACM	http://dblp.uni-trier.de/db/conf/popl/
软件工程/系统软件/程序设计语言	FSE/ESEC	ACM Joint European Software Engineering Conference and Symposium on the Foundations of Software Engineering	Conference	A	ACM 	http://dblp.uni-trier.de/db/conf/sigsoft/
软件工程/系统软件/程序设计语言	SOSP	ACM Symposium on Operating Systems Principles	Conference	A	ACM	http://dblp.uni-trier.de/db/conf/sosp/
计算机图形学与多媒体	ACM MM	ACM International Conference on Multimedia	Conference	A	ACM	http://dblp.uni-trier.de/db/conf/mm/
网络与信息安全	ACSAC	Annual Computer Security Applications Conference	Conference	B	IEEE	http://dblp.uni-trier.de/db/conf/acsac/
人机交互与普适计算	ICMI	ACM International Conference on Multimodal Interaction	Conference	C	ACM	http://dblp.uni-trier.de/db/conf/icmi/
人机交互与普适计算	ASSETS	International ACM SIGACCESS Conference on Computers and Accessibility	Conference	C	ACM	http://dblp.uni-trier.de/db/conf/assets
计算机体系结构/并行与分布计算/存储系统	SOCC	ACM Symposium on Cloud Computing	Conference	B	ACM	http://dblp.uni-trier.de/db/conf/cloud/
交叉/综合/新兴	RTSS	IEEE Real-Time Systems Symposium	Conference	A	IEEE	http://dblp.uni-trier.de/db/conf/rtss/
交叉/综合/新兴	WINE	Conference on Web and Internet Economics	Conference	A	Springer	https://dblp.org/db/conf/wine/index.html
计算机科学理论	CAV	International Conference on Computer Aided Verification	Conference	A	Springer	http://dblp.uni-trier.de/db/conf/cav/
计算机科学理论	FOCS	IEEE Annual Symposium on Foundations of Computer Science	Conference	A	IEEE	http://dblp.uni-trier.de/db/conf/focs/
计算机网络	MobiSys	ACM International Conference on Mobile Systems, Applications, and Services	Conference	B	ACM	http://dblp.uni-trier.de/db/conf/mobisys/
计算机网络	ICNP	IEEE International Conference on Network Protocols	Conference	B	IEEE	http://dblp.uni-trier.de/db/conf/icnp/
软件工程/系统软件/程序设计语言	OOPSLA	Conference on Object-Oriented Programming Systems, Languages,and Applications	Conference	A	ACM	http://dblp.uni-trier.de/db/conf/oopsla/
软件工程/系统软件/程序设计语言	ASE	International Conference on Automated Software Engineering	Conference	A	IEEE/ACM	http://dblp.uni-trier.de/db/conf/kbse/
计算机图形学与多媒体	SIGGRAPH	ACM Special Interest Group on Computer Graphics	Conference	A	ACM	http://dblp.uni-trier.de/db/conf/siggraph/index.html
计算机图形学与多媒体	VR	IEEE Virtual Reality	Conference	A	IEEE	http://dblp.uni-trier.de/db/conf/vr/
网络与信息安全	ASIACRYPT	Annual International Conference on the Theory and Application of Cryptology and Information Security	Conference	B	Springer	http://dblp.uni-trier.de/db/conf/asiacrypt/
网络与信息安全	ESORICS	European Symposium on Research in Computer Security	Conference	B	Springer	http://dblp.uni-trier.de/db/conf/esorics/
人机交互与普适计算	GI	Graphics Interface	Conference	C	ACM	http://dblp.uni-trier.de/db/conf/graphicsinterface/
人机交互与普适计算	UIC	IEEE International Conference on Ubiquitous Intelligence and Computing	Conference	C	IEEE	http://dblp.uni-trier.de/db/conf/uic/
计算机体系结构/并行与分布计算/存储系统	SPAA	ACM Symposium on Parallelism in Algorithms and Architectures	Conference	B	ACM	http://dblp.uni-trier.de/db/conf/spaa/
计算机体系结构/并行与分布计算/存储系统	PODC	ACM Symposium on Principles of Distributed Computing	Conference	B	ACM	http://dblp.uni-trier.de/db/conf/podc/
交叉/综合/新兴	CogSci	Annual Meeting of the Cognitive Science Society	Conference	B	Psychology Press	http://cognitivesciencesociety.org/conference2013/index.html
计算机科学理论	LICS	ACM/IEEE Symposium on Logic in Computer Science	Conference	A	IEEE	http://dblp.uni-trier.de/db/conf/lics/
计算机科学理论	SoCG	International Symposium on Computational Geometry	Conference	B	ACM	http://dblp.uni-trier.de/db/conf/compgeom/
计算机网络	MobiHoc	International Symposium on Theory, Algorithmic Foundations, and Protocol Design for Mobile Networks and Mobile Computing	Conference	B	ACM/IEEE	http://dblp.uni-trier.de/db/conf/mobihoc/
计算机网络	NOSSDAV	International Workshop on Network and Operating System Support for Digital Audio and Video	Conference	B	ACM	http://dblp.uni-trier.de/db/conf/nossdav/
计算机网络	IWQoS	IEEE/ACM International Workshop on Quality of Service	Conference	B	IEEE	http://dblp.uni-trier.de/db/conf/iwqos/
软件工程/系统软件/程序设计语言	ICSE	International Conference on Software Engineering	Conference	A	ACM/IEEE	http://dblp.uni-trier.de/db/conf/icse/
软件工程/系统软件/程序设计语言	ISSTA	International Symposium on Software Testing and Analysis	Conference	A	ACM	http://dblp.uni-trier.de/db/conf/issta/
软件工程/系统软件/程序设计语言	OSDI	USENIX Symposium on Operating Systems Design and Implementations	Conference	A	USENIX	http://dblp.uni-trier.de/db/conf/osdi/
计算机图形学与多媒体	IEEE VIS	IEEE Visualization Conference	Conference	A	IEEE	http://dblp.uni-trier.de/db/conf/visualization/index.html
计算机图形学与多媒体	ICMR	ACM SIGMM International Conference on Multimedia Retrieval	Conference	B	ACM	http://dblp.uni-trier.de/db/conf/mir/
网络与信息安全	FSE	Fast Software Encryption	Conference	B	Springer	http://dblp.uni-trier.de/db/conf/fse/
网络与信息安全	CSFW	IEEE Computer Security Foundations Workshop	Conference	B	IEEE	http://dblp.uni-trier.de/db/conf/csfw/
网络与信息安全	SRDS	IEEE International Symposium on Reliable Distributed Systems	Conference	B	IEEE	http://dblp.uni-trier.de/db/conf/srds/
人机交互与普适计算		IEEE World Haptics Conference	Conference	C	IEEE	http://dblp.uni-trier.de/db/conf/haptics/
人机交互与普适计算	INTERACT	International Conference on Human- Computer Interaction of International Federation for Information Processing	Conference	C	IFIP	http://dblp.uni-trier.de/db/conf/interact/
人机交互与普适计算	IDC	ACM Interaction Design and Children	Conference	C	ACM	http://dblp.uni-trier.de/db/conf/acmidc/
计算机体系结构/并行与分布计算/存储系统	FPGA	ACM/SIGDA International Symposium on Field-Programmable Gate Arrays	Conference	B	ACM	http://dblp.uni-trier.de/db/conf/fpga/
计算机体系结构/并行与分布计算/存储系统	CGO	The International Symposium on Code Generation and Optimization	Conference	B	IEEE/ACM	http://dblp.uni-trier.de/db/conf/cgo/
计算机体系结构/并行与分布计算/存储系统	DATE	Design, Automation & Test in Europe 	Conference	B	IEEE/ACM	http://dblp.uni-trier.de/db/conf/date/
交叉/综合/新兴	BIBM	IEEE International Conference on Bioinformatics and Biomedicine	Conference	B	IEEE	http://dblp.uni-trier.de/db/conf/bibm/
交叉/综合/新兴	EMSOFT	International Conference on Embedded Software	Conference	B	ACM/IEEE/IFIP	http://dblp.uni-trier.de/db/conf/emsoft/
交叉/综合/新兴	ISMB	International conference on Intelligent Systems for Molecular Biology	Conference	B	Oxford Journals	https://dblp.org/db/conf/ismb/index.html
计算机科学理论	ESA	European Symposium on Algorithms	Conference	B	Springer	http://dblp.uni-trier.de/db/conf/esa/
计算机科学理论	CCC	Conference on Computational Complexity	Conference	B	IEEE	http://dblp.uni-trier.de/db/conf/coco/
计算机科学理论	ICALP	International Colloquium on Automata, Languages and Programming	Conference	B	Springer	http://dblp.uni-trier.de/db/conf/icalp/
计算机网络	IMC	ACM Internet Measurement Conference	Conference	B	ACM/USENIX	http://dblp.uni-trier.de/db/conf/imc/
计算机网络	ANCS	ACM/IEEE Symposium on Architectures for Networking and Communication Systems	Conference	C	ACM/IEEE	http://dblp.uni-trier.de/db/conf/ancs/
数据库/数据挖掘/内容检索	SIGMOD	ACM SIGMOD Conference	Conference	A	ACM	http://dblp.uni-trier.de/db/conf/sigmod/
数据库/数据挖掘/内容检索	SIGKDD	ACM SIGKDD Conference on Knowledge Discovery and Data Mining	Conference	A	ACM	http://dblp.uni-trier.de/db/conf/kdd/
软件工程/系统软件/程序设计语言	FM	International Symposium on Formal Methods	Conference	A	FME	http://dblp.uni-trier.de/db/conf/fm/
软件工程/系统软件/程序设计语言	ECOOP	European Conference on Object-Oriented Programming	Conference	B	AITO	http://dblp.uni-trier.de/db/conf/ecoop/
计算机图形学与多媒体	I3D	ACM SIGGRAPH Symposium onInteractive 3D Graphics and Games	Conference	B	ACM	http://dblp.uni-trier.de/db/conf/si3d/
计算机图形学与多媒体	SCA	ACM SIGGRAPH/Eurographics Symposium on Computer Animation	Conference	B	ACM	http://dblp.uni-trier.de/db/conf/sca/index.html
网络与信息安全	CHES	International Conference on Cryptographic Hardware and Embedded Systems	Conference	B	Springer	http://dblp.uni-trier.de/db/conf/ches/
网络与信息安全	DSN	International Conference on Dependable Systems and Networks	Conference	B	IEEE/IFIP	http://dblp.uni-trier.de/db/conf/dsn/
人机交互与普适计算	CollaborateCom	International Conference on Collaborative Computing:Networking, Applications and Worksharing	Conference	C	Springer	https://dblp.uni-trier.de/db/conf/colcom/
人机交互与普适计算	CSCWD	International Conference on Computer Supported Cooperative Work in Design	Conference	C	Springer	http://dblp.uni-trier.de/db/conf/cscwd/
计算机体系结构/并行与分布计算/存储系统	HOT CHIPS	Hot Chips: A Symposium on High Performance Chips	Conference	B	IEEE	https://dblp.org/db/conf/hotchips/index.html
计算机体系结构/并行与分布计算/存储系统	CLUSTER	IEEE International Conference on Cluster Computing	Conference	B	IEEE	https://dblp.uni-trier.de/db/conf/cluster/
交叉/综合/新兴	RECOMB	Annual International Conference on Research inComputational Molecular Biology	Conference	B	Springer	http://dblp.uni-trier.de/db/conf/recomb/
交叉/综合/新兴	MICCAI	International Conference on Medical Image Computing and Computer-Assisted Intervention	Conference	B	Springer	https://dblp.org/db/conf/miccai/index.html
计算机科学理论		International Conference on Automated Deduction/International Joint Conference on Automated Reasoning	Conference	B	Springer	http://dblp.uni-trier.de/db/conf/cade/
计算机科学理论	CONCUR	International Conference on Concurrency Theory	Conference	B	Springer	http://dblp.uni-trier.de/db/conf/concur/
计算机网络	APNOMS	Asia-Pacific Network Operations and Management Symposium	Conference	C	IFIP/IEEE	http://dblp.uni-trier.de/db/conf/apnoms/
计算机网络	FORTE	International Conference on Formal Techniques for Distributed Objects, Components, and Systems	Conference	C	Springer	http://dblp.uni-trier.de/db/conf/forte/
数据库/数据挖掘/内容检索	ICDE	IEEE International Conference on Data Engineering	Conference	A	IEEE	http://dblp.uni-trier.de/db/conf/icde/
数据库/数据挖掘/内容检索	SIGIR	International ACM SIGIR Conference on Research and Development in Information Retrieval	Conference	A	ACM	http://dblp.uni-trier.de/db/conf/sigir/
软件工程/系统软件/程序设计语言	ETAPS	European Joint Conferences on Theory and Practice of Software	Conference	B	Springer	http://dblp.uni-trier.de/db/conf/etaps/
软件工程/系统软件/程序设计语言	ICPC	IEEE International Conference on Program Comprehension	Conference	B	IEEE	http://dblp.uni-trier.de/db/conf/iwpc/
计算机图形学与多媒体	DCC	Data Compression Conference	Conference	B	IEEE	http://dblp.uni-trier.de/db/conf/dcc/
计算机图形学与多媒体	Eurographics	Annual Conference of the European Association for Computer Graphics	Conference	B	Wiley/ Blackwell	http://dblp.uni-trier.de/db/conf/eurographics/
网络与信息安全	RAID	International Symposium on Recent Advances in Intrusion Detection	Conference	B	Springer	http://dblp.uni-trier.de/db/conf/raid/
人机交互与普适计算	CoopIS	International Conference on Cooperative Information Systems	Conference	C	Springer	http://dblp.uni-trier.de/db/conf/coopis/
计算机体系结构/并行与分布计算/存储系统	ICCD	International Conference on Computer Design	Conference	B	IEEE	http://dblp.uni-trier.de/db/conf/iccd/
交叉/综合/新兴	AMIA	American Medical Informatics Association Annual Symposium	Conference	C	AMIA	http://dblp.uni-trier.de/db/conf/amia/
计算机科学理论	HSCC	International Conference on Hybrid Systems: Computation and Control	Conference	B	Springer and ACM	http://dblp.uni-trier.de/db/conf/hybrid/
计算机网络	LCN	IEEE Conference on Local Computer Networks	Conference	C	IEEE	http://dblp.uni-trier.de/db/conf/lcn/
计算机网络	GLOBECOM	IEEE Global Communications Conference	Conference	C	IEEE	http://dblp.uni-trier.de/db/conf/globecom/
计算机网络	ICC	IEEE International Conference on Communications	Conference	C	IEEE	http://dblp.uni-trier.de/db/conf/icc/
数据库/数据挖掘/内容检索	VLDB	International Conference on Very Large Data Bases	Conference	A	Morgan Kaufmann	http://dblp.uni-trier.de/db/conf/vldb/
数据库/数据挖掘/内容检索	CIKM	ACM International Conference on Information and Knowledge Management	Conference	B	ACM	http://dblp.uni-trier.de/db/conf/cikm/
软件工程/系统软件/程序设计语言	RE	IEEE International Requirements Engineering Conference	Conference	B	IEEE	http://dblp.uni-trier.de/db/conf/re/
软件工程/系统软件/程序设计语言	CAiSE	International Conference on Advanced Information Systems Engineering	Conference	B	Springer	http://dblp.uni-trier.de/db/conf/caise/
软件工程/系统软件/程序设计语言	ICFP	ACM SIGPLAN International Conference on Function Programming	Conference	B	ACM	http://dblp.uni-trier.de/db/conf/icfp/
计算机图形学与多媒体	EuroVis	Eurographics Conference on Visualization	Conference	B	ACM	http://dblp.uni-trier.de/db/conf/vissym/
计算机图形学与多媒体	SGP	Eurographics Symposium on Geometry Processing	Conference	B	Wiley/Blackwell	http://dblp.uni-trier.de/db/conf/sgp/
计算机图形学与多媒体	EGSR	Eurographics Symposium on Rendering	Conference	B	Wiley/Blackwell	http://dblp.uni-trier.de/db/conf/rt/
网络与信息安全	PKC	International Workshop on Practice and Theory in Public Key Cryptography	Conference	B	Springer	http://dblp.uni-trier.de/db/conf/pkc/
网络与信息安全	TCC	Theory of Cryptography Conference	Conference	B	Springer	http://dblp.uni-trier.de/db/conf/tcc/
网络与信息安全	WiSec	ACM Conference on Security and Privacy in Wireless and Mobile Networks	Conference	C	ACM	http://dblp.uni-trier.de/db/conf/wisec/
人机交互与普适计算	MobiQuitous	International Conference on Mobile and Ubiquitous Systems: Computing,Networking and Services	Conference	C	Springer	http://dblp.uni-trier.de/db/conf/mobiquitous/
人机交互与普适计算	AVI	International Working Conference on Advanced Visual Interfaces	Conference	C	ACM	http://dblp.uni-trier.de/db/conf/avi/
计算机体系结构/并行与分布计算/存储系统	ICCAD	International Conference on Computer-Aided Design	Conference	B	IEEE/ACM	http://dblp.uni-trier.de/db/conf/iccad/
计算机体系结构/并行与分布计算/存储系统	ICDCS	IEEE International Conference on Distributed Computing Systems	Conference	B	IEEE	http://dblp.uni-trier.de/db/conf/icdcs/
计算机体系结构/并行与分布计算/存储系统	CODES+ISSS	International Conference on Hardware/Software Co-design and System Synthesis	Conference	B	ACM/ IEEE	https://dblp.uni-trier.de/db/conf/codesisss/index.html
交叉/综合/新兴	APBC	Asia Pacific Bioinformatics Conference	Conference	C	BioMed Central	http://dblp.uni-trier.de/db/conf/apbc/
交叉/综合/新兴	IEEE BigData	IEEE International Conference on Big Data	Conference	C	IEEE	https://dblp.uni-trier.de/db/conf/bigdataconf/
交叉/综合/新兴	IEEE CLOUD	IEEE International Conference on Cloud Computing	Conference	C	IEEE	http://dblp.uni-trier.de/db/conf/IEEEcloud/
计算机科学理论	SAT	International Conference on Theory and Applications of Satisfiability Testing	Conference	B	Springer	http://dblp.uni-trier.de/db/conf/sat/
计算机科学理论	COCOON	International Computing and Combinatorics Conference	Conference	B	Springer	https://dblp.org/db/conf/cocoon/index.html
计算机网络	ICCCN	IEEE International Conference on Computer Communications and Networks	Conference	C	IEEE	http://dblp.uni-trier.de/db/conf/icccn/
计算机网络	MASS	IEEE International Conference on Mobile Ad-hoc and Sensor Systems	Conference	C	IEEE	http://dblp.uni-trier.de/db/conf/mass/index.html
计算机网络	P2P	IEEE International Conference on P2P Computing	Conference	C	IEEE	http://dblp.uni-trier.de/db/conf/p2p/
数据库/数据挖掘/内容检索	WSDM	ACM International Conference on Web Search and Data Mining	Conference	B	ACM	http://dblp.uni-trier.de/db/conf/wsdm/
数据库/数据挖掘/内容检索	PODS	ACM SIGMOD-SIGACT-SIGAI Symposium on Principles of Database Systems	Conference	B	ACM	http://dblp.uni-trier.de/db/conf/pods/
数据库/数据挖掘/内容检索	DASFAA	International Conference on Database Systems for Advanced Applications	Conference	B	Springer	http://dblp.uni-trier.de/db/conf/dasfaa/
软件工程/系统软件/程序设计语言	LCTES	ACM SIGPLAN/SIGBED International Conference on Languages, Compilers andTools for Embedded Systems	Conference	B	ACM	http://dblp.uni-trier.de/db/conf/lctrts/
软件工程/系统软件/程序设计语言	MoDELS	ACM/IEEE International Conference on Model Driven Engineering Languages and Systems	Conference	B	ACM, IEEE	http://dblp.uni-trier.de/db/conf/models/
计算机图形学与多媒体	ICASSP	IEEE International Conference on Acoustics,Speech and Signal Processing	Conference	B	IEEE	http://dblp.uni-trier.de/db/conf/icassp/
计算机图形学与多媒体	ICME	IEEE International Conference on Multimedia& Expo	Conference	B	IEEE	http://dblp.uni-trier.de/db/conf/icmcs/
网络与信息安全	SACMAT	ACM Symposium on Access Control Models and Technologies	Conference	C	ACM	http://dblp.uni-trier.de/db/conf/sacmat/
网络与信息安全	DRM	ACM Workshop on Digital Rights Management	Conference	C	ACM	http://dblp.uni-trier.de/db/conf/drm/
计算机体系结构/并行与分布计算/存储系统	HiPEAC	International Conference on High Performance and Embedded Architectures and Compilers	Conference	B	ACM	http://dblp.uni-trier.de/db/conf/hipeac/
计算机体系结构/并行与分布计算/存储系统	SIGMETRICS	International Conference on Measurement and Modeling of Computer Systems	Conference	B	ACM	http://dblp.uni-trier.de/db/conf/sigmetrics/
交叉/综合/新兴	SMC	IEEE International Conference on Systems, Man, and Cybernetics	Conference	C	IEEE	https://dblp.uni-trier.de/db/conf/smc/
交叉/综合/新兴	COSIT	International Conference on Spatial Information Theory	Conference	C	ACM	http://dblp.uni-trier.de/db/conf/cosit/
计算机科学理论	CSL	Computer Science Logic	Conference	C	Springer	http://dblp.uni-trier.de/db/conf/csl/
计算机网络	IPCCC	IEEE International Performance Computing and Communications Conference	Conference	C	IEEE	http://dblp.uni-trier.de/db/conf/ipccc/
计算机网络	WoWMoM	IEEE International Symposium on a World of Wireless Mobile and Multimedia Networks	Conference	C	IEEE	http://dblp.uni-trier.de/db/conf/wowmom/
数据库/数据挖掘/内容检索	ECML-PKDD	European Conference on Machine Learning and Principles and Practice of Knowledge Discovery in Databases	Conference	B	Springer	http://dblp.uni-trier.de/db/conf/ecml/
数据库/数据挖掘/内容检索	ISWC	IEEE International Semantic Web Conference	Conference	B	IEEE	http://dblp.uni-trier.de/db/conf/semweb/
软件工程/系统软件/程序设计语言	CP	International Conference on Principles and Practice of Constraint Programming	Conference	B	Springer	http://dblp.uni-trier.de/db/conf/cp/
软件工程/系统软件/程序设计语言	ICSOC	International Conference on Service Oriented Computing	Conference	B	Springer	http://dblp.uni-trier.de/db/conf/icsoc/
计算机图形学与多媒体	ISMAR	International Symposium on Mixed and Augmented Reality	Conference	B	IEEE/ACM	http://dblp.uni-trier.de/db/conf/ismar/
网络与信息安全	IH&MMSec	ACM Workshop on Information Hiding and Multimedia Security	Conference	C	ACM	http://dblp.uni-trier.de/db/conf/ih/
计算机体系结构/并行与分布计算/存储系统	PACT	International Conference on Parallel Architectures and Compilation Techniques	Conference	B	IEEE/ACM	http://dblp.uni-trier.de/db/conf/IEEEpact/
交叉/综合/新兴	ISBRA	International Symposium on Bioinformatics Research and Applications	Conference	C	Springer	https://dblp.uni-trier.de/db/conf/isbra/
交叉/综合/新兴	SAGT	International Symposium on Algorithmic Game Theory	Conference	C	Springer	https://dblp.org/db/conf/sagt/index.html
交叉/综合/新兴	SIGSPATIAL	ACM Special Interest Group on Spatial Information	Conference	C	ACM	https://dblp.org/db/journals/sigspatial/index.html
计算机科学理论	FMCAD	Formal Method in Computer-Aided Design	Conference	C	ACM	http://dblp.uni-trier.de/db/conf/fmcad/
计算机科学理论	FSTTCS	Foundations of Software Technology and Theoretical Computer Science	Conference	C	Indian Association for Research in Computing Science	http://dblp.uni-trier.de/db/conf/fsttcs/
计算机科学理论	DSAA	IEEE International Conference on Data Science and Advanced Analytics	Conference	C	IEEE	https://dblp.uni-trier.de/db/conf/dsaa/
计算机网络	ISCC	IEEE Symposium on Computers and Communications	Conference	C	IEEE	http://dblp.uni-trier.de/db/conf/iscc/
计算机网络	WCNC	IEEE Wireless Communications and Networking Conference	Conference	C	IEEE	http://dblp.uni-trier.de/db/conf/wcnc/
计算机网络	Networking	IFIP International Conferences on Networking	Conference	C	IFIP	http://dblp.uni-trier.de/db/conf/networking/index.html
数据库/数据挖掘/内容检索	ICDM	IEEE International Conference on Data Mining	Conference	B	IEEE	http://dblp.uni-trier.de/db/conf/icdm/
数据库/数据挖掘/内容检索	ICDT	International Conference on Database Theory	Conference	B	Springer	http://dblp.uni-trier.de/db/conf/icdt/
数据库/数据挖掘/内容检索	EDBT	International Conference on Extending DatabaseTechnology	Conference	B	Springer 	http://dblp.uni-trier.de/db/conf/edbt/
软件工程/系统软件/程序设计语言	SANER	IEEE International Conference on Software Analysis, Evolution,and Reengineering	Conference	B	IEEE	http://dblp.uni-trier.de/db/conf/wcre/
软件工程/系统软件/程序设计语言	ICSME	International Conference on Software Maintenance and Evolution	Conference	B	IEEE	http://dblp.uni-trier.de/db/conf/icsm/
软件工程/系统软件/程序设计语言	VMCAI	International Conference on Verification,Model Checking, and Abstract Interpretation	Conference	B	Springer	http://dblp.uni-trier.de/db/conf/vmcai/
计算机图形学与多媒体	PG	Pacific Conference on Computer Graphics and Applications	Conference	B	Wiley/Blackwell	http://dblp.uni-trier.de/db/conf/pg/index.html
计算机图形学与多媒体	SPM	Symposium on Solid and Physical Modeling	Conference	B	SMA/Elsevier	http://dblp.uni-trier.de/db/conf/sma/
计算机图形学与多媒体	VRST	ACM Symposium on Virtual Reality Software and Technology	Conference	C	ACM	http://dblp.uni-trier.de/db/conf/vrst/
网络与信息安全	ACNS	International Conference on Applied Cryptography and Network Security	Conference	C	Springer	http://dblp.uni-trier.de/db/conf/acns/
网络与信息安全	AsiaCCS	ACM Asia Conference on Computer and Communications Security	Conference	C	ACM	http://dblp.uni-trier.de/db/conf/ccs/
网络与信息安全	ACISP	AustralasiaConferenceonInformation SecurityandPrivacy	Conference	C	Springer	http://dblp.uni-trier.de/db/conf/acisp/
交叉/综合/新兴	ICIC	International Conference on Intelligent Computing	Conference	C	Springer-Nature	https://dblp.org/db/conf/icic/index.html
计算机体系结构/并行与分布计算/存储系统	ICPP	International Conference on Parallel Processing	Conference	B	ACM	http://dblp.uni-trier.de/db/conf/icpp/
计算机体系结构/并行与分布计算/存储系统	ICS	International Conference on Supercomputing	Conference	B	ACM	http://dblp.uni-trier.de/db/conf/ics/
计算机体系结构/并行与分布计算/存储系统	VEE	International Conference on Virtual Execution Environments	Conference	B	ACM	http://dblp.uni-trier.de/db/conf/vee/
计算机科学理论	ICTAC	International Colloquium on Theoretical Aspects of Computing	Conference	C	Springer	http://dblp.uni-trier.de/db/conf/ictac/
计算机科学理论	IPCO	International Conference on Integer Programming and Combinatorial Optimization	Conference	C	Springer	http://dblp.uni-trier.de/db/conf/ipco/
计算机科学理论	RTA	International Conference on Rewriting Techniques and Applications	Conference	C	Springer	http://dblp.uni-trier.de/db/conf/rta/
计算机网络	IM	IFIP/IEEE International Symposium on Integrated NetworkManagement	Conference	C	IFIP/IEEE	http://dblp.uni-trier.de/db/conf/im/index.html
计算机网络	MSN	International Conference on Mobility, Sensing and Networking	Conference	C	IEEE	https://dblp.uni-trier.de/db/conf/msn/
计算机网络	MSWiM	International Conference on Modeling, Analysis and Simulation of Wireless and Mobile Systems	Conference	C	ACM	http://dblp.uni-trier.de/db/conf/mswim/
数据库/数据挖掘/内容检索	CIDR	Conference on Innovative DataSystems Research	Conference	B	Online Proceeding	http://dblp.uni-trier.de/db/conf/cidr/
数据库/数据挖掘/内容检索	SDM	SIAM International Conference on Data Mining	Conference	B	SIAM	http://dblp.uni-trier.de/db/conf/sdm/
数据库/数据挖掘/内容检索	RecSys	ACM Conference on Recommender Systems	Conference	B	ACM	https://dblp.org/db/conf/recsys/index.html
软件工程/系统软件/程序设计语言	ICWS	IEEE International Conference on Web Services	Conference	B	IEEE	http://dblp.uni-trier.de/db/conf/icws/
软件工程/系统软件/程序设计语言	Middleware	International Middleware Conference	Conference	B	ACM/IFIP/ USENIX	http://dblp.uni-trier.de/db/conf/middleware/
软件工程/系统软件/程序设计语言	SAS	International Static Analysis Symposium	Conference	B	Springer	http://dblp.uni-trier.de/db/conf/sas/
计算机图形学与多媒体	CASA	International Conference on Computer Animation and Social Agents	Conference	C	Wiley	http://dblp.uni-trier.de/db/conf/ca/
计算机图形学与多媒体	CGI	Computer Graphics International	Conference	C	Springer	http://dblp.uni-trier.de/db/conf/cgi/
计算机图形学与多媒体	INTERSPEECH	Conference of the International Speech Communication Association	Conference	C		http://dblp.uni-trier.de/db/conf/interspeech/index.html
网络与信息安全	CT-RSA	The Cryptographer's Track at RSA Conference	Conference	C	Springer	http://dblp.uni-trier.de/db/conf/ctrsa/
网络与信息安全	DIMVA	Conference on Detection of Intrusions and Malware & VulnerabilityAssessment	Conference	C		http://dblp.uni-trier.de/db/conf/dimva/
网络与信息安全	DFRWS	Digital Forensic Research Workshop	Conference	C	Elsevier	http://dblp.uni-trier.de/db/conf/dfrws/
计算机体系结构/并行与分布计算/存储系统	IPDPS	IEEE International Parallel & Distributed Processing Symposium	Conference	B	IEEE	http://dblp.uni-trier.de/db/conf/ipps/
计算机体系结构/并行与分布计算/存储系统	Performance	International Symposium on Computer Performance, Modeling, Measurements and Evaluation	Conference	B	ACM	http://dblp.uni-trier.de/db/conf/performance/
计算机科学理论	ISAAC	International Symposium on Algorithms and Computation	Conference	C	Springer	http://dblp.uni-trier.de/db/conf/isaac/
计算机科学理论	MFCS	International Conference on Mathematical Foundations of Computer Science	Conference	C	Springer	http://dblp.uni-trier.de/db/conf/mfcs/
计算机网络	WASA	International Conference on Wireless Algorithms, Systems, and Applications	Conference	C	Springer	http://dblp.uni-trier.de/db/conf/wasa/
数据库/数据挖掘/内容检索	APWeb	Asia Pacific Web Conference	Conference	C	Springer	http://dblp.uni-trier.de/db/conf/apweb/
软件工程/系统软件/程序设计语言	ESEM	International Symposium on Empirical Software Engineering and Measurement	Conference	B	ACM/IEEE	http://dblp.uni-trier.de/db/conf/esem/
计算机图形学与多媒体	GMP	Geometric Modeling and Processing	Conference	C	Elsevier	http://dblp.uni-trier.de/db/conf/gmp/
计算机图形学与多媒体	PacificVis	IEEE Pacific Visualization Symposium	Conference	C	IEEE	http://dblp.uni-trier.de/db/conf/apvis/
计算机图形学与多媒体	3DV	International Conference on 3D Vision	Conference	C	IEEE	https://dblp.uni-trier.de/db/conf/3dim/
网络与信息安全	FC	Financial Cryptography and Data Security	Conference	C	Springer	http://dblp.uni-trier.de/db/conf/fc/
网络与信息安全	TrustCom	IEEE International Conference on Trust,Security and Privacy in Computing and Communications	Conference	C	IEEE	http://dblp.uni-trier.de/db/conf/trustcom/
网络与信息安全	SEC	IFIP International Information Security Conference	Conference	C	Springer	http://dblp.uni-trier.de/db/conf/sec/
计算机体系结构/并行与分布计算/存储系统	HPDC	The International ACM Symposium on High-Performance Parallel and Distributed Computing	Conference	B	IEEE	http://dblp.uni-trier.de/db/conf/hpdc/
计算机体系结构/并行与分布计算/存储系统	ITC	International Test Conference	Conference	B	IEEE	http://dblp.uni-trier.de/db/conf/itc/
计算机体系结构/并行与分布计算/存储系统	LISA	Large Installation system Administration Conference	Conference	B	USENIX	http://dblp.uni-trier.de/db/conf/lisa/
计算机科学理论	STACS	Symposium on Theoretical Aspects of Computer Science	Conference	C	Springer	http://dblp.uni-trier.de/db/conf/stacs/
计算机科学理论	SETTA	International Symposium on Dependable Software Engineering: Theories, Tools, and Applications	Conference	C	Springer	https://dblp.org/db/conf/setta/index.html
计算机网络	HotNets	ACM The Workshop on Hot Topics in Networks	Conference	C	ACM	http://dblp.uni-trier.de/db/conf/hotnets/
计算机网络	APNet	Asia-Pacific Workshop on Networking	Conference	C	ACM	https://dblp.org/db/conf/apnet/index.html
数据库/数据挖掘/内容检索	DEXA	International Conference on Database and Expert System Applications	Conference	C	Springer	http://dblp.uni-trier.de/db/conf/dexa/
数据库/数据挖掘/内容检索	ECIR	European Conference on Information Retrieval	Conference	C	Springer	http://dblp.uni-trier.de/db/conf/ecir/
数据库/数据挖掘/内容检索	ESWC	Extended Semantic Web Conference	Conference	C	Elsevier	http://dblp.uni-trier.de/db/conf/esws/
软件工程/系统软件/程序设计语言	ISSRE	IEEE International Symposium on Software Reliability Engineering	Conference	B	IEEE	http://dblp.uni-trier.de/db/conf/issre/
软件工程/系统软件/程序设计语言	HotOS	USENIX Workshop on Hot Topics in Operating Systems	Conference	B	USENIX	http://dblp.uni-trier.de/db/conf/hotos/
软件工程/系统软件/程序设计语言	PEPM	ACM SIGPLAN Workshop on Partial Evaluation and Program Manipulation	Conference	C	ACM	http://dblp.uni-trier.de/db/conf/pepm/
计算机图形学与多媒体	CAD/Graphics	International Conference on Computer-Aided Design and Computer Graphics	Conference	C	IEEE	https://dblp.uni-trier.de/db/conf/cadgraphics/
计算机图形学与多媒体	ICIP	IEEE International Conference on Image Processing	Conference	C	IEEE	http://dblp.uni-trier.de/db/conf/icip/
计算机图形学与多媒体	MMM	International Conference on Multimedia Modeling	Conference	C	Springer	http://dblp.uni-trier.de/db/conf/mmm/index.html
网络与信息安全	IFIP WG 11.9	IFIP Working Group 11.9 International Conference on Digital Forensics	Conference	C	Springer	https://dblp.org/db/conf/ifip11-9/index.html
网络与信息安全	ISC	Information Security Conference	Conference	C	Springer	http://dblp.uni-trier.de/db/conf/isw/
网络与信息安全	ICDF2C	International Conference on Digital Forensics & Cyber Crime	Conference	C	Springer	http://dblp.uni-trier.de/db/conf/icdf2c/
计算机体系结构/并行与分布计算/存储系统	MSST	Mass Storage Systems and Technologies	Conference	B	IEEE	http://dblp.uni-trier.de/db/conf/mss/
计算机体系结构/并行与分布计算/存储系统	RTAS	IEEE Real-Time and Embedded Technology and ApplicationsSymposium	Conference	B	IEEE	http://dblp.uni-trier.de/db/conf/rtas/
计算机体系结构/并行与分布计算/存储系统	Euro-Par	European Conference on Parallel and Distributed Computing	Conference	B	Springer	http://dblp.uni-trier.de/db/conf/europar/
数据库/数据挖掘/内容检索	WebDB	International Workshop on Web andDatabases	Conference	C	ACM	http://dblp.uni-trier.de/db/conf/webdb/
数据库/数据挖掘/内容检索	ER	International Conference on Conceptual Modeling	Conference	C	Springer	http://dblp.uni-trier.de/db/conf/er/
软件工程/系统软件/程序设计语言	PASTE	ACMSIGPLAN-SIGSOFT Workshop on Program Analysis for Software Tools and Engineering	Conference	C	ACM	http://dblp.uni-trier.de/db/conf/paste/
软件工程/系统软件/程序设计语言	APLAS	Asian Symposium on Programming Languages and Systems	Conference	C	Springer	http://dblp.uni-trier.de/db/conf/aplas/
计算机图形学与多媒体	MMAsia	ACM Multimedia Asia	Conference	C	ACM	https://dblp.uni-trier.de/db/conf/mmasia/index.html
计算机图形学与多媒体	SMI	Shape Modeling International	Conference	C	IEEE	http://dblp.uni-trier.de/db/conf/smi/
网络与信息安全	ICICS	International Conference on Information and Communications Security	Conference	C	Springer	http://dblp.uni-trier.de/db/conf/icics/
网络与信息安全	SecureComm	International Conference on Security and Privacy in Communication Networks	Conference	C	ACM	http://dblp.uni-trier.de/db/conf/securecomm/
计算机体系结构/并行与分布计算/存储系统	CF	ACM International Conference on Computing Frontiers	Conference	C	ACM	http://dblp.uni-trier.de/db/conf/cf
数据库/数据挖掘/内容检索	MDM	International Conference on Mobile Data Management	Conference	C	IEEE	http://dblp.uni-trier.de/db/conf/mdm/
数据库/数据挖掘/内容检索	SSDBM	International Conference on Scientific andStatistical Database Management	Conference	C	IEEE	http://dblp.uni-trier.de/db/conf/ssdbm/
软件工程/系统软件/程序设计语言	APSEC	Asia-Pacific Software Engineering Conference	Conference	C	IEEE	http://dblp.uni-trier.de/db/conf/apsec/
软件工程/系统软件/程序设计语言	EASE	International Conference on Evaluation and Assessment in Software Engineering	Conference	C	ACM	http://dblp.uni-trier.de/db/conf/ease/
计算机图形学与多媒体	ICVRV	International Conference on Virtual Reality and Visualization	Conference	C	IEEE	https://www.computer.org/csdl/proceedings/1800579
计算机图形学与多媒体	CVM	Computational Visual Media	Conference	C	Tsinghua University	https://dblp.org/db/conf/cvm/index.html
网络与信息安全	NSPW	New Security Paradigms Workshop	Conference	C	ACM	http://dblp.uni-trier.de/db/conf/nspw/
网络与信息安全	PAM	Passive and Active Measurement Conference	Conference	C	Springer	http://dblp.uni-trier.de/db/conf/pam/
计算机体系结构/并行与分布计算/存储系统	SYSTOR	ACM International Systems and Storage Conference	Conference	C	ACM	http://dblp.uni-trier.de/db/conf/systor/index.html
计算机体系结构/并行与分布计算/存储系统	NOCS	ACM/IEEE International Symposium on Networks-on-Chip	Conference	C	ACM/IEEE	http://dblp.uni-trier.de/db/conf/nocs
数据库/数据挖掘/内容检索	WAIM	International Conference on Web Age Information Management	Conference	C	Springer	http://dblp.uni-trier.de/db/conf/waim/
数据库/数据挖掘/内容检索	SSTD	International Symposium on Spatial and Temporal Databases	Conference	C	Springer	http://dblp.uni-trier.de/db/conf/ssd/
软件工程/系统软件/程序设计语言	ICECCS	International Conference on Engineering of Complex Computer Systems	Conference	C	IEEE	http://dblp.uni-trier.de/db/conf/iceccs/
软件工程/系统软件/程序设计语言	ICST	IEEE International Conference on Software Testing, Verification and Validation	Conference	C	IEEE	http://dblp.uni-trier.de/db/conf/icst/
计算机图形学与多媒体	PRCV	Chinese Conference on Pattern Recognition and Computer Vision	Conference	C	Springer	https://dblp.org/db/conf/prcv/index.html
网络与信息安全	PETS	Privacy Enhancing Technologies Symposium	Conference	C	Springer	http://dblp.uni-trier.de/db/conf/pet/
网络与信息安全	SAC	Selected Areas in Cryptography	Conference	C	Springer	http://dblp.uni-trier.de/db/conf/sacrypt/
计算机体系结构/并行与分布计算/存储系统	ASAP	IEEE International Conference on Application-Specific Systems, Architectures, and Processors	Conference	C	IEEE	http://dblp.uni-trier.de/db/conf/asap
计算机体系结构/并行与分布计算/存储系统	ASP-DAC	Asia and South Pacific Design Automation Conference	Conference	C	ACM/IEEE	http://dblp.uni-trier.de/db/conf/aspdac
人工智能	AAAI	AAAI Conference on Artificial Intelligence	Conference	A	AAAI	http://dblp.uni-trier.de/db/conf/aaai/
数据库/数据挖掘/内容检索	PAKDD	Pacific-Asia Conference on Knowledge Discovery and Data Mining	Conference	C	Springer	http://dblp.uni-trier.de/db/conf/pakdd/
数据库/数据挖掘/内容检索	WISE	Web Information Systems Engineering	Conference	C	Springer	http://dblp.uni-trier.de/db/conf/wise/
软件工程/系统软件/程序设计语言	ISPASS	IEEE International Symposium on Performance Analysis of Systems and Software	Conference	C	IEEE	http://dblp.uni-trier.de/db/conf/ispass/
软件工程/系统软件/程序设计语言	SCAM	IEEE International Working Conference on Source Code Analysis and Manipulation	Conference	C	IEEE	http://dblp.uni-trier.de/db/conf/scam/
网络与信息安全	SOUPS	Symposium On Usable Privacy and Security	Conference	C	ACM	http://dblp.uni-trier.de/db/conf/soups/
网络与信息安全	HotSec		Conference	C	USENIX	http://www.usenix.org/events/
计算机体系结构/并行与分布计算/存储系统	ETS	IEEE European Test Symposium	Conference	C	IEEE	http://dblp.uni-trier.de/db/conf/ets/
计算机体系结构/并行与分布计算/存储系统	FPL	International Conference on Field-Programmable Logic and Applications	Conference	C	IEEE	http://dblp.uni-trier.de/db/conf/fpl/
人工智能	NeurIPS	Conference on Neural Information Processing Systems	Conference	A	MIT Press	http://dblp.uni-trier.de/db/conf/nips/
人工智能	ACL	Annual Meeting of the Association for Computational Linguistics	Conference	A	ACL	http://dblp.uni-trier.de/db/conf/acl/
数据库/数据挖掘/内容检索	ADMA	International Conference on Advanced Data Mining and Applications	Conference	C	Springer	https://dblp.org/db/conf/adma/index.html
软件工程/系统软件/程序设计语言	COMPSAC	International Computer Software and Applications Conference	Conference	C	IEEE	http://dblp.uni-trier.de/db/conf/compsac/
软件工程/系统软件/程序设计语言	ICFEM	International Conference on Formal Engineering Methods	Conference	C	Springer	http://dblp.uni-trier.de/db/conf/icfem/
网络与信息安全	EuroS&P	IEEE European Symposium on Security and Privacy	Conference	C	IEEE	https://dblp.org/db/conf/eurosp/index.html
计算机体系结构/并行与分布计算/存储系统	FCCM	IEEE Symposium on Field-Programmable Custom Computing Machines	Conference	C	IEEE	http://dblp.uni-trier.de/db/conf/fccm/
计算机体系结构/并行与分布计算/存储系统	GLSVLSI	Great Lakes Symposium on VLSI	Conference	C	ACM/IEEE	http://dblp.uni-trier.de/db/conf/glvlsi/
人工智能	CVPR	IEEE/CVF Computer Vision and Pattern Recognition Conference	Conference	A	IEEE	http://dblp.uni-trier.de/db/conf/cvpr/
人工智能	ICCV	International Conference on Computer Vision	Conference	A	IEEE	http://dblp.uni-trier.de/db/conf/iccv/
软件工程/系统软件/程序设计语言	SCC	IEEE International Conference on Services Computing	Conference	C	IEEE	http://dblp.uni-trier.de/db/conf/IEEEscc/
网络与信息安全	Inscrypt	International Conference on Information Security and Cryptology	Conference	C	Springer	https://dblp.org/db/conf/cisc/index.html
计算机体系结构/并行与分布计算/存储系统	ATS	IEEE Asian Test Symposium	Conference	C	IEEE	http://dblp.uni-trier.de/db/conf/ats/
计算机体系结构/并行与分布计算/存储系统	HPCC	IEEE International Conference on High Performance Computing and Communications	Conference	C	IEEE	http://dblp.uni-trier.de/db/conf/hpcc/
人工智能	ICML	International Conference on Machine Learning	Conference	A	ACM	http://dblp.uni-trier.de/db/conf/icml/
人工智能	IJCAI	International Joint Conference on Artificial Intelligence	Conference	A	Morgan Kaufmann	http://dblp.uni-trier.de/db/conf/ijcai/
人工智能	COLT	Annual Conference on Computational Learning Theory	Conference	B	Springer	http://dblp.uni-trier.de/db/conf/colt/
软件工程/系统软件/程序设计语言	ICSSP	International Conference on Software and System Process	Conference	C	ISPA	http://dblp.uni-trier.de/db/conf/ispw/
软件工程/系统软件/程序设计语言	SEKE	International Conference on Software Engineering and Knowledge Engineering	Conference	C	KSI	http://dblp.uni-trier.de/db/conf/seke/
计算机体系结构/并行与分布计算/存储系统	HiPC	IEEE International Conference on High Performance Computing, Data and Analytics	Conference	C	IEEE/ ACM	http://dblp.uni-trier.de/db/conf/hipc/index.html
计算机体系结构/并行与分布计算/存储系统	MASCOTS	International Symposium on Modeling, Analysis, andSimulation of Computer and Telecommunication Systems	Conference	C	IEEE	http://dblp.uni-trier.de/db/conf/mascots/
人工智能	EMNLP	Conference on Empirical Methods in Natural Language Processing	Conference	B	ACL	http://dblp.uni-trier.de/db/conf/emnlp/
人工智能	ECAI	European Conference on Artificial Intelligence	Conference	B	IOS Press	http://dblp.uni-trier.de/db/conf/ecai/
人工智能	ECCV	European Conference on Computer Vision	Conference	B	Springer	http://dblp.uni-trier.de/db/conf/eccv/
软件工程/系统软件/程序设计语言	QRS	International Conference on Software Quality, Reliability and Security	Conference	C	IEEE	http://paris.utdallas.edu/qrs/
软件工程/系统软件/程序设计语言	ICSR	International Conference on Software Reuse	Conference	C	Springer	http://dblp.uni-trier.de/db/conf/icsr/
计算机体系结构/并行与分布计算/存储系统	ISPA	IEEE International Symposium on Parallel and Distributed Processing with Applications	Conference	C	IEEE	http://dblp.uni-trier.de/db/conf/ispa/
计算机体系结构/并行与分布计算/存储系统	CCGRID	IEEE/ACM International Symposium on Cluster, Cloud and Grid Computing	Conference	C	ACM/IEEE	http://dblp.uni-trier.de/db/conf/ccgrid/
计算机体系结构/并行与分布计算/存储系统	NPC	IFIP International Conference on Network and Parallel Computing	Conference	C	Springer	http://dblp.uni-trier.de/db/conf/npc/
人工智能	ICRA	IEEE International Conference on Robotics and Automation	Conference	B	IEEE	http://dblp.uni-trier.de/db/conf/icra/
人工智能	ICAPS	International Conference on Automated Planning and Scheduling	Conference	B	AAAI	http://dblp.uni-trier.de/db/conf/aips/
人工智能	ICCBR	International Conference on Case-Based Reasoning	Conference	B	Springer	http://dblp.uni-trier.de/db/conf/iccbr/
软件工程/系统软件/程序设计语言	ICWE	International Conference on Web Engineering	Conference	C	Springer	http://dblp.uni-trier.de/db/conf/icwe/
软件工程/系统软件/程序设计语言	SPIN	International Symposium on Model Checking of Software	Conference	C	Springer	http://dblp.uni-trier.de/db/conf/spin/index.html
软件工程/系统软件/程序设计语言	ATVA	International Symposium on Automated Technology for Verification and Analysis	Conference	C	Springer	http://dblp.uni-trier.de/db/conf/atva/
计算机体系结构/并行与分布计算/存储系统	ICA3PP	International Conference on Algorithms and Architectures for Parallel Processing	Conference	C	IEEE	http://dblp.uni-trier.de/db/conf/ica3pp/
计算机体系结构/并行与分布计算/存储系统	CASES	International Conference on Compilers, Architectures, and Synthesis for Embedded Systems	Conference	C	ACM	http://dblp.uni-trier.de/db/conf/cases/index.html
计算机体系结构/并行与分布计算/存储系统	FPT	International Conference on Field-Programmable Technology	Conference	C	IEEE	http://dblp.uni-trier.de/db/conf/fpt/
人工智能	COLING	International Conference on Computational Linguistics	Conference	B	ACM	http://dblp.uni-trier.de/db/conf/coling/
人工智能	KR	International Conference on Principles of Knowledge Representation and Reasoning	Conference	B	Morgan Kaufmann	http://dblp.uni-trier.de/db/conf/kr/
软件工程/系统软件/程序设计语言	LOPSTR	International Symposium on Logic-based Program Synthesis and Transformation	Conference	C	Springer	http://dblp.uni-trier.de/db/conf/lopstr/
软件工程/系统软件/程序设计语言	TASE	Theoretical Aspects of Software Engineering Conference	Conference	C	IEEE	http://dblp.uni-trier.de/db/conf/tase/
计算机体系结构/并行与分布计算/存储系统	ICPADS	International Conference on Parallel and Distributed Systems	Conference	C	IEEE	http://dblp.uni-trier.de/db/conf/icpads/
计算机体系结构/并行与分布计算/存储系统	ISCAS	IEEE International Symposium on Circuits and Systems	Conference	C	IEEE	http://dblp.uni-trier.de/db/conf/iscas/
人工智能	UAI	Conference on Uncertainty in ArtificialIntelligence	Conference	B	AUAI	http://dblp.uni-trier.de/db/conf/uai/
人工智能	AAMAS	International Joint Conference on Autonomous Agents and Multi-agent Systems	Conference	B	Springer	http://dblp.uni-trier.de/db/conf/atal/index.html
软件工程/系统软件/程序设计语言	MSR	Mining Software Repositories	Conference	C	IEEE/ACM	http://dblp.uni-trier.de/db/conf/msr/
软件工程/系统软件/程序设计语言	REFSQ	Requirements Engineering: Foundation for Software Quality	Conference	C	Springer	http://dblp.uni-trier.de/db/conf/refsq/
计算机体系结构/并行与分布计算/存储系统	ISLPED	International Symposium on Low Power Electronics and Design	Conference	C	ACM/IEEE	http://dblp.uni-trier.de/db/conf/islped/
计算机体系结构/并行与分布计算/存储系统	ISPD	International Symposium on Physical Design	Conference	C	ACM	http://dblp.uni-trier.de/db/conf/ispd/
人工智能	PPSN	Parallel Problem Solving from Nature	Conference	B	Springer	http://dblp.uni-trier.de/db/conf/ppsn/
人工智能	NAACL	North   American Chapter of the Associationfor Computational Linguistics	Conference	B	Association for Computational Linguistics	http://dblp.uni-trier.de/db/conf/naacl/
软件工程/系统软件/程序设计语言	WICSA	Working IEEE/IFIP Conference on Software Architecture	Conference	C	IEEE	http://dblp.uni-trier.de/db/conf/wicsa/
软件工程/系统软件/程序设计语言	Internetware	Asia-Pacific Symposium on Internetware	Conference	C	ACM	https://dblp.org/db/conf/internetware/index.html
计算机体系结构/并行与分布计算/存储系统	HOTI	IEEE Symposium on High-Performance Interconnects	Conference	C	IEEE	http://dblp.uni-trier.de/db/conf/hoti/
计算机体系结构/并行与分布计算/存储系统	VTS	IEEE VLSI Test Symposium	Conference	C	IEEE	http://dblp.uni-trier.de/db/conf/vts/
人工智能	AISTATS	International Conference on Artificial Intelligence and Statistics	Conference	C	JMLR	http://dblp.uni-trier.de/db/conf/aistats/
软件工程/系统软件/程序设计语言	RV	International Conference on Runtime Verification	Conference	C	Springer	https://dblp.org/db/conf/rv/index.html
计算机体系结构/并行与分布计算/存储系统	ITC-Asia	International Test Conference in Asia	Conference	C	IEEE	https://dblp.org/db/conf/itc-asia/index.html
人工智能	ACCV	Asian Conference on Computer Vision	Conference	C	Springer	http://dblp.uni-trier.de/db/conf/accv/
人工智能	ACML	Asian Conference on Machine Learning	Conference	C	JMLR	http://dblp.uni-trier.de/db/conf/acml/
人工智能	BMVC	British Machine Vision Conference	Conference	C	British Machine Vision Association	http://dblp.uni-trier.de/db/conf/bmvc/
人工智能	NLPCC	CCF International Conference on Natural Language Processing and Chinese Computing	Conference	C	Springer	https://dblp.uni-trier.de/db/conf/nlpcc/
人工智能	CoNLL	Conference on Computational Natural Language Learning	Conference	C	Association for Computational Linguistics	http://dblp.uni-trier.de/db/conf/conll
人工智能	GECCO	Genetic and Evolutionary Computation Conference	Conference	C	ACM	http://dblp.uni-trier.de/db/conf/gecco/
人工智能	ICTAI	IEEE International Conference on Tools with Artificial Intelligence	Conference	C	IEEE	http://dblp.uni-trier.de/db/conf/ictai/
人工智能	IROS	IEEE\RSJ International Conference on Intelligent Robots and Systems	Conference	C	IEEE	http://dblp.uni-trier.de/db/conf/iros/
人工智能	ALT	International Conference on Algorithmic Learning Theory	Conference	C	Springer	http://dblp.uni-trier.de/db/conf/alt/
人工智能	ICANN	International Conference on Artificial Neural Networks	Conference	C	Springer	http://dblp.uni-trier.de/db/conf/icann/
人工智能	FG	IEEE International Conference on AutomaticFace and Gesture Recognition	Conference	C	IEEE	http://dblp.uni-trier.de/db/conf/fgr/
人工智能	ICDAR	International Conference on Document Analysis and Recognition	Conference	C	IEEE	http://dblp.uni-trier.de/db/conf/icdar/
人工智能	ILP	International Conference on Inductive Logic Programming	Conference	C	Springer	http://dblp.uni-trier.de/db/conf/ilp/
人工智能	KSEM	International conference on Knowledge Science,Engineering and Management	Conference	C	Springer	http://dblp.uni-trier.de/db/conf/ksem/
人工智能	ICONIP	International Conference on Neural Information Processing	Conference	C	Springer	http://dblp.uni-trier.de/db/conf/iconip/
人工智能	ICPR	International Conference on Pattern Recognition	Conference	C	IEEE	http://dblp.uni-trier.de/db/conf/icpr/
人工智能	IJCB	International Joint Conference onBiometrics	Conference	C	IEEE	http://dblp.uni-trier.de/db/conf/icb/
人工智能	IJCNN	International Joint Conference on Neural Networks	Conference	C	IEEE	http://dblp.uni-trier.de/db/conf/ijcnn/
人工智能	PRICAI	Pacific Rim International Conference on Artificial Intelligence	Conference	C	Springer	http://dblp.uni-trier.de/db/conf/pricai/
